{
	"name": "migrate",
	"title": "jQuery Migrate",
	"description": "Migrate older jQuery code to jQuery 1.9+",
	"keywords": [],
	"version": "1.2.1",
	"author": {
		"name": "jQuery Foundation, Inc. and other contributors",
		"url": "https://github.com/jquery/jquery-migrate/blob/1.2.1/AUTHORS.txt"
	},
	"licenses": [
		{
			"type": "MIT",
			"url": "https://github.com/jquery/jquery-migrate/blob/1.2.1/LICENSE-MIT"
		}
	],
	"bugs": {
		"url": "http://bugs.jquery.com/"
	},
	"homepage": "https://github.com/jquery/jquery-migrate",
	"docs": "https://github.com/jquery/jquery-migrate",
	"download": "https://github.com/jquery/jquery-migrate/blob/1.2.1/README.md#download",
	"dependencies": {
		"jquery": ">=1.6.4"
	}
}
